class_id,class_name,test_support,train_count,f1_margnet,f1_resnet_ft,difference
0,all_motor_vehicle_prohibited,17.0,44,0.9696969696969697,0.9696969696969697,0.0
1,axle_load_limit,11.0,42,0.9523809523809523,1.0,-0.04761904761904767
2,bullock_cart_and_hand_cart_prohibited,8.0,34,0.8571428571428571,0.8571428571428571,0.0
3,cattle_ahead,11.0,46,1.0,1.0,0.0
4,chevron_direction,8.0,35,1.0,1.0,0.0
5,compulsary_ahead,11.0,46,1.0,1.0,0.0
6,compulsary_ahead_or_turn_left,13.0,45,1.0,1.0,0.0
7,compulsary_ahead_or_turn_right,7.0,46,0.9230769230769231,1.0,-0.07692307692307687
8,compulsary_keep_left,13.0,44,1.0,1.0,0.0
9,compulsary_keep_right,10.0,45,1.0,1.0,0.0
10,compulsary_sound_horn,13.0,27,0.96,0.96,0.0
11,compulsary_turn_left_ahead,15.0,41,1.0,1.0,0.0
12,compulsary_turn_right_ahead,12.0,35,0.96,1.0,-0.040000000000000036
13,cross_road,14.0,48,1.0,1.0,0.0
14,cycle_crossing,13.0,53,0.96,1.0,-0.040000000000000036
15,dangerous_dip,10.0,26,0.8,1.0,-0.19999999999999996
16,falling_rocks,21.0,38,0.9230769230769231,1.0,-0.07692307692307687
17,gap_in_median,8.0,36,1.0,1.0,0.0
18,give_way,13.0,52,1.0,1.0,0.0
19,guarded_level_crossing,15.0,36,1.0,1.0,0.0
20,height_limit,14.0,40,0.88,1.0,-0.12
21,horn_prohibited,10.0,52,0.9090909090909091,0.9090909090909091,0.0
22,hospital_ahead,8.0,46,1.0,1.0,0.0
23,hump_or_rough_road,12.0,51,0.9166666666666666,1.0,-0.08333333333333337
24,left_hand_curve,9.0,52,1.0,0.9473684210526315,0.052631578947368474
25,left_reverse_bend,12.0,37,0.9090909090909091,0.9565217391304348,-0.04743083003952575
26,left_turn_prohibited,16.0,25,1.0,1.0,0.0
27,length_limit,6.0,35,0.8333333333333334,0.8333333333333334,0.0
28,loose_gravel,9.0,37,0.8421052631578947,1.0,-0.1578947368421053
29,men_at_work,7.0,56,1.0,0.9333333333333333,0.06666666666666665
30,narrow_bridge_ahead,12.0,47,1.0,1.0,0.0
31,narrow_road_ahead,16.0,37,0.9696969696969697,1.0,-0.030303030303030276
32,no_entry,10.0,52,1.0,1.0,0.0
33,no_parking,15.0,55,0.9032258064516129,0.9655172413793104,-0.06229143492769751
34,no_stopping_or_standing,15.0,39,0.9655172413793104,1.0,-0.03448275862068961
35,overtaking_prohibited,9.0,46,0.8571428571428571,1.0,-0.1428571428571429
36,pass_either_side,14.0,37,1.0,1.0,0.0
37,pedestrian_crossing,10.0,48,0.8,1.0,-0.19999999999999996
38,pedestrian_prohibited,8.0,46,1.0,0.8888888888888888,0.11111111111111116
39,petrol_pump_ahead,12.0,32,1.0,1.0,0.0
40,quay_side_or_river_bank,17.0,43,0.8666666666666667,0.9696969696969697,-0.10303030303030303
41,restriction_ends,18.0,43,1.0,1.0,0.0
42,right_hand_curve,13.0,44,1.0,1.0,0.0
43,right_reverse_bend,10.0,43,1.0,1.0,0.0
44,right_turn_prohibited,15.0,37,1.0,1.0,0.0
45,roundabout,11.0,40,0.9523809523809523,1.0,-0.04761904761904767
46,school_ahead,20.0,40,0.9302325581395349,1.0,-0.06976744186046513
47,side_road_left,10.0,38,1.0,1.0,0.0
48,side_road_right,11.0,31,0.9565217391304348,0.9523809523809523,0.0041407867494824835
49,slippery_road,13.0,44,0.896551724137931,1.0,-0.10344827586206895
50,speed_limit_100,11.0,39,1.0,1.0,0.0
51,speed_limit_120,16.0,43,1.0,0.9696969696969697,0.030303030303030276
52,speed_limit_20,12.0,45,0.9166666666666666,1.0,-0.08333333333333337
53,speed_limit_30,20.0,39,0.9743589743589743,0.9743589743589743,0.0
54,speed_limit_40,5.0,39,1.0,1.0,0.0
55,speed_limit_50,9.0,46,1.0,1.0,0.0
56,speed_limit_60,10.0,51,1.0,1.0,0.0
57,speed_limit_70,16.0,46,0.9696969696969697,1.0,-0.030303030303030276
58,speed_limit_80,10.0,40,1.0,0.9523809523809523,0.04761904761904767
59,staggered_intersection,5.0,40,0.8,0.9090909090909091,-0.10909090909090902
60,steep_ascent,6.0,31,0.9090909090909091,1.0,-0.09090909090909094
61,steep_descent,6.0,37,0.8333333333333334,0.8,0.033333333333333326
62,stop,16.0,52,1.0,1.0,0.0
63,t_intersection,6.0,35,1.0,1.0,0.0
64,traffic_signal,15.0,44,0.8888888888888888,0.9655172413793104,-0.07662835249042155
65,truck_prohibited,12.0,30,0.96,0.9166666666666666,0.043333333333333335
66,u_turn,14.0,35,1.0,1.0,0.0
67,u_turn_prohibited,15.0,38,0.9655172413793104,1.0,-0.03448275862068961
68,unguarded_level_crossing,8.0,38,0.9411764705882353,0.8888888888888888,0.05228758169934644
69,width_limit,13.0,29,0.8888888888888888,0.9629629629629629,-0.07407407407407407
70,y_intersection,5.0,43,0.8333333333333334,1.0,-0.16666666666666663
