epoch,train_loss,train_acc,val_loss,val_acc,val_macro_f1,lr,epoch_time_s
1,47.53910138597267,0.015006821282401092,28.392642351123396,0.016587677725118485,0.007541482346363202,1e-05,8.083780527114868
2,9.202681722940234,0.018417462482946793,4.302495664894863,0.023696682464454975,0.010448474790580054,0.00034,6.7050745487213135
3,4.271681806400398,0.010231923601637109,4.271655105301554,0.018957345971563982,0.00060790273556231,0.0006700000000000001,4.660615921020508
4,4.284302816221854,0.010914051841746248,4.258918999495664,0.014218009478672985,0.0025755435115194375,0.001,5.952616930007935
5,4.2687101702410395,0.01398362892223738,4.2622962336969605,0.014218009478672985,0.00041211621677313,0.0009981987442712632,5.184904336929321
6,4.2912865433166,0.011255115961800819,4.261688361235705,0.014218009478672985,0.00040913740197749747,0.0009928079551738541,4.477167367935181
7,4.26545393190475,0.01296043656207367,4.257708520120919,0.023696682464454975,0.0026534329020113205,0.0009838664734667494,5.8458757400512695
8,4.270317920721244,0.017053206002728513,4.260867428440618,0.0071090047393364926,0.0025561652830542654,0.000971438722730542,4.806804656982422
9,4.270209035313959,0.010231923601637109,4.2734095293198715,0.009478672985781991,0.00028698522026115655,0.0009556142451940679,4.190619230270386
10,4.277417825644208,0.009890859481582538,4.267230289242279,0.014218009478672985,0.00042109695757448155,0.0009365070565805941,5.30052638053894
