true_class,predicted_class,count,share
speed_limit_30,right_turn_prohibited,16,0.8
left_turn_prohibited,right_turn_prohibited,15,0.9375
school_ahead,right_turn_prohibited,15,0.75
traffic_signal,right_turn_prohibited,14,0.9333333333333333
compulsary_ahead_or_turn_left,right_turn_prohibited,13,1.0
compulsary_turn_left_ahead,right_turn_prohibited,13,0.8666666666666667
speed_limit_70,right_turn_prohibited,13,0.8125
falling_rocks,right_turn_prohibited,12,0.5714285714285714
narrow_road_ahead,right_turn_prohibited,12,0.75
no_stopping_or_standing,right_turn_prohibited,12,0.8
slippery_road,right_turn_prohibited,12,0.9230769230769231
speed_limit_120,right_turn_prohibited,12,0.75
compulsary_sound_horn,right_turn_prohibited,11,0.8461538461538461
left_reverse_bend,right_turn_prohibited,11,0.9166666666666666
restriction_ends,right_turn_prohibited,11,0.6111111111111112
right_hand_curve,right_turn_prohibited,11,0.8461538461538461
stop,right_turn_prohibited,11,0.6875
compulsary_ahead,right_turn_prohibited,10,0.9090909090909091
compulsary_keep_right,right_turn_prohibited,10,1.0
compulsary_turn_right_ahead,right_turn_prohibited,10,0.8333333333333334
cycle_crossing,right_turn_prohibited,10,0.7692307692307693
petrol_pump_ahead,right_turn_prohibited,10,0.8333333333333334
quay_side_or_river_bank,right_turn_prohibited,10,0.5882352941176471
speed_limit_100,right_turn_prohibited,10,0.9090909090909091
cattle_ahead,right_turn_prohibited,9,0.8181818181818182
compulsary_keep_left,right_turn_prohibited,9,0.6923076923076923
cross_road,right_turn_prohibited,9,0.6428571428571429
give_way,right_turn_prohibited,9,0.6923076923076923
pass_either_side,right_turn_prohibited,9,0.6428571428571429
pedestrian_crossing,right_turn_prohibited,9,0.9
right_reverse_bend,right_turn_prohibited,9,0.9
roundabout,right_turn_prohibited,9,0.8181818181818182
side_road_left,right_turn_prohibited,9,0.9
speed_limit_20,right_turn_prohibited,9,0.75
speed_limit_80,right_turn_prohibited,9,0.9
u_turn,right_turn_prohibited,9,0.6428571428571429
u_turn_prohibited,right_turn_prohibited,9,0.6
left_hand_curve,right_turn_prohibited,8,0.8888888888888888
narrow_bridge_ahead,right_turn_prohibited,8,0.6666666666666666
no_entry,right_turn_prohibited,8,0.8
side_road_right,right_turn_prohibited,8,0.7272727272727273
width_limit,height_limit,8,0.6153846153846154
all_motor_vehicle_prohibited,height_limit,7,0.4117647058823529
axle_load_limit,height_limit,7,0.6363636363636364
compulsary_ahead_or_turn_right,right_turn_prohibited,7,1.0
gap_in_median,right_turn_prohibited,7,0.875
guarded_level_crossing,height_limit,7,0.4666666666666667
hospital_ahead,right_turn_prohibited,7,0.875
hump_or_rough_road,right_turn_prohibited,7,0.5833333333333334
men_at_work,right_turn_prohibited,7,1.0
bullock_cart_and_hand_cart_prohibited,height_limit,6,0.75
guarded_level_crossing,right_turn_prohibited,6,0.4
speed_limit_50,right_turn_prohibited,6,0.6666666666666666
truck_prohibited,height_limit,6,0.5
dangerous_dip,right_turn_prohibited,5,0.5
height_limit,right_turn_prohibited,5,0.35714285714285715
length_limit,height_limit,5,0.8333333333333334
loose_gravel,height_limit,5,0.5555555555555556
no_parking,right_turn_prohibited,5,0.3333333333333333
quay_side_or_river_bank,height_limit,5,0.29411764705882354
restriction_ends,compulsary_turn_left_ahead,5,0.2777777777777778
speed_limit_60,right_turn_prohibited,5,0.5
t_intersection,right_turn_prohibited,5,0.8333333333333334
all_motor_vehicle_prohibited,loose_gravel,4,0.23529411764705882
all_motor_vehicle_prohibited,right_turn_prohibited,4,0.23529411764705882
chevron_direction,right_turn_prohibited,4,0.5
dangerous_dip,height_limit,4,0.4
falling_rocks,height_limit,4,0.19047619047619047
height_limit,loose_gravel,4,0.2857142857142857
horn_prohibited,height_limit,4,0.4
horn_prohibited,right_turn_prohibited,4,0.4
hump_or_rough_road,height_limit,4,0.3333333333333333
no_parking,height_limit,4,0.26666666666666666
overtaking_prohibited,right_turn_prohibited,4,0.4444444444444444
pedestrian_prohibited,loose_gravel,4,0.5
school_ahead,height_limit,4,0.2
speed_limit_120,height_limit,4,0.25
speed_limit_40,right_turn_prohibited,4,0.8
staggered_intersection,height_limit,4,0.8
steep_descent,right_turn_prohibited,4,0.6666666666666666
unguarded_level_crossing,right_turn_prohibited,4,0.5
axle_load_limit,loose_gravel,3,0.2727272727272727
chevron_direction,height_limit,3,0.375
compulsary_keep_left,compulsary_turn_left_ahead,3,0.23076923076923078
cross_road,height_limit,3,0.21428571428571427
cycle_crossing,height_limit,3,0.23076923076923078
loose_gravel,right_turn_prohibited,3,0.3333333333333333
narrow_bridge_ahead,height_limit,3,0.25
narrow_road_ahead,height_limit,3,0.1875
overtaking_prohibited,height_limit,3,0.3333333333333333
speed_limit_60,compulsary_turn_left_ahead,3,0.3
speed_limit_70,height_limit,3,0.1875
steep_ascent,right_turn_prohibited,3,0.5
u_turn,no_parking,3,0.21428571428571427
cattle_ahead,height_limit,2,0.18181818181818182
cross_road,compulsary_turn_left_ahead,2,0.14285714285714285
give_way,height_limit,2,0.15384615384615385
guarded_level_crossing,quay_side_or_river_bank,2,0.13333333333333333
no_parking,compulsary_turn_left_ahead,2,0.13333333333333333
no_parking,loose_gravel,2,0.13333333333333333
no_stopping_or_standing,height_limit,2,0.13333333333333333
overtaking_prohibited,guarded_level_crossing,2,0.2222222222222222
pass_either_side,compulsary_turn_left_ahead,2,0.14285714285714285
pedestrian_prohibited,height_limit,2,0.25
pedestrian_prohibited,right_turn_prohibited,2,0.25
petrol_pump_ahead,side_road_left,2,0.16666666666666666
speed_limit_20,height_limit,2,0.16666666666666666
speed_limit_30,height_limit,2,0.1
speed_limit_60,y_intersection,2,0.2
steep_ascent,height_limit,2,0.3333333333333333
stop,no_parking,2,0.125
truck_prohibited,guarded_level_crossing,2,0.16666666666666666
truck_prohibited,no_parking,2,0.16666666666666666
u_turn_prohibited,height_limit,2,0.13333333333333333
u_turn_prohibited,loose_gravel,2,0.13333333333333333
width_limit,loose_gravel,2,0.15384615384615385
all_motor_vehicle_prohibited,no_parking,1,0.058823529411764705
all_motor_vehicle_prohibited,speed_limit_20,1,0.058823529411764705
axle_load_limit,no_parking,1,0.09090909090909091
bullock_cart_and_hand_cart_prohibited,guarded_level_crossing,1,0.125
bullock_cart_and_hand_cart_prohibited,right_turn_prohibited,1,0.125
chevron_direction,truck_prohibited,1,0.125
compulsary_ahead,compulsary_turn_left_ahead,1,0.09090909090909091
compulsary_keep_left,height_limit,1,0.07692307692307693
compulsary_sound_horn,height_limit,1,0.07692307692307693
compulsary_sound_horn,quay_side_or_river_bank,1,0.07692307692307693
compulsary_turn_left_ahead,height_limit,1,0.06666666666666667
compulsary_turn_left_ahead,side_road_right,1,0.06666666666666667
compulsary_turn_right_ahead,pedestrian_prohibited,1,0.08333333333333333
compulsary_turn_right_ahead,traffic_signal,1,0.08333333333333333
dangerous_dip,compulsary_turn_left_ahead,1,0.1
falling_rocks,all_motor_vehicle_prohibited,1,0.047619047619047616
falling_rocks,compulsary_ahead_or_turn_left,1,0.047619047619047616
falling_rocks,compulsary_turn_left_ahead,1,0.047619047619047616
falling_rocks,overtaking_prohibited,1,0.047619047619047616
falling_rocks,quay_side_or_river_bank,1,0.047619047619047616
gap_in_median,overtaking_prohibited,1,0.125
give_way,quay_side_or_river_bank,1,0.07692307692307693
horn_prohibited,no_parking,1,0.1
horn_prohibited,truck_prohibited,1,0.1
hospital_ahead,compulsary_turn_left_ahead,1,0.125
hump_or_rough_road,compulsary_turn_left_ahead,1,0.08333333333333333
left_hand_curve,no_parking,1,0.1111111111111111
left_reverse_bend,compulsary_turn_left_ahead,1,0.08333333333333333
left_turn_prohibited,guarded_level_crossing,1,0.0625
length_limit,loose_gravel,1,0.16666666666666666
loose_gravel,compulsary_turn_left_ahead,1,0.1111111111111111
narrow_bridge_ahead,guarded_level_crossing,1,0.08333333333333333
narrow_road_ahead,compulsary_turn_left_ahead,1,0.0625
no_entry,compulsary_turn_left_ahead,1,0.1
no_entry,height_limit,1,0.1
no_parking,u_turn_prohibited,1,0.06666666666666667
no_stopping_or_standing,compulsary_turn_left_ahead,1,0.06666666666666667
pass_either_side,height_limit,1,0.07142857142857142
pass_either_side,loose_gravel,1,0.07142857142857142
pass_either_side,quay_side_or_river_bank,1,0.07142857142857142
pedestrian_crossing,compulsary_turn_left_ahead,1,0.1
quay_side_or_river_bank,side_road_right,1,0.058823529411764705
quay_side_or_river_bank,speed_limit_120,1,0.058823529411764705
restriction_ends,height_limit,1,0.05555555555555555
restriction_ends,no_parking,1,0.05555555555555555
right_hand_curve,compulsary_turn_left_ahead,1,0.07692307692307693
right_hand_curve,height_limit,1,0.07692307692307693
right_reverse_bend,height_limit,1,0.1
roundabout,height_limit,1,0.09090909090909091
roundabout,no_parking,1,0.09090909090909091
school_ahead,pedestrian_prohibited,1,0.05
side_road_left,no_parking,1,0.1
side_road_right,height_limit,1,0.09090909090909091
side_road_right,quay_side_or_river_bank,1,0.09090909090909091
slippery_road,height_limit,1,0.07692307692307693
speed_limit_100,height_limit,1,0.09090909090909091
speed_limit_20,side_road_right,1,0.08333333333333333
speed_limit_30,compulsary_keep_left,1,0.05
speed_limit_30,right_reverse_bend,1,0.05
speed_limit_40,no_parking,1,0.2
speed_limit_50,chevron_direction,1,0.1111111111111111
speed_limit_50,no_parking,1,0.1111111111111111
speed_limit_50,truck_prohibited,1,0.1111111111111111
speed_limit_80,no_parking,1,0.1
staggered_intersection,right_turn_prohibited,1,0.2
steep_ascent,overtaking_prohibited,1,0.16666666666666666
steep_descent,height_limit,1,0.16666666666666666
steep_descent,quay_side_or_river_bank,1,0.16666666666666666
stop,bullock_cart_and_hand_cart_prohibited,1,0.0625
stop,height_limit,1,0.0625
stop,loose_gravel,1,0.0625
t_intersection,height_limit,1,0.16666666666666666
traffic_signal,side_road_right,1,0.06666666666666667
truck_prohibited,loose_gravel,1,0.08333333333333333
truck_prohibited,right_turn_prohibited,1,0.08333333333333333
u_turn,compulsary_turn_left_ahead,1,0.07142857142857142
u_turn,height_limit,1,0.07142857142857142
u_turn_prohibited,compulsary_turn_left_ahead,1,0.06666666666666667
u_turn_prohibited,truck_prohibited,1,0.06666666666666667
unguarded_level_crossing,compulsary_turn_left_ahead,1,0.125
unguarded_level_crossing,height_limit,1,0.125
unguarded_level_crossing,no_parking,1,0.125
unguarded_level_crossing,quay_side_or_river_bank,1,0.125
width_limit,guarded_level_crossing,1,0.07692307692307693
width_limit,no_parking,1,0.07692307692307693
width_limit,right_turn_prohibited,1,0.07692307692307693
y_intersection,cycle_crossing,1,0.2
y_intersection,height_limit,1,0.2
y_intersection,right_turn_prohibited,1,0.2
y_intersection,speed_limit_120,1,0.2
y_intersection,truck_prohibited,1,0.2
