class_name,precision,recall,f1,support
all_motor_vehicle_prohibited,0.0,0.0,0.0,17
axle_load_limit,0.0,0.0,0.0,11
bullock_cart_and_hand_cart_prohibited,0.0,0.0,0.0,8
cattle_ahead,0.0,0.0,0.0,11
chevron_direction,0.0,0.0,0.0,8
compulsary_ahead,0.0,0.0,0.0,11
compulsary_ahead_or_turn_left,0.0,0.0,0.0,13
compulsary_ahead_or_turn_right,0.0,0.0,0.0,7
compulsary_keep_left,0.0625,0.15384615384615385,0.08888888888888889,13
compulsary_keep_right,0.0,0.0,0.0,10
compulsary_sound_horn,0.0,0.0,0.0,13
compulsary_turn_left_ahead,0.0,0.0,0.0,15
compulsary_turn_right_ahead,0.0,0.0,0.0,12
cross_road,0.0,0.0,0.0,14
cycle_crossing,0.0,0.0,0.0,13
dangerous_dip,0.0,0.0,0.0,10
falling_rocks,0.0,0.0,0.0,21
gap_in_median,0.0,0.0,0.0,8
give_way,0.0,0.0,0.0,13
guarded_level_crossing,0.0,0.0,0.0,15
height_limit,0.0,0.0,0.0,14
horn_prohibited,0.0,0.0,0.0,10
hospital_ahead,0.0,0.0,0.0,8
hump_or_rough_road,0.0,0.0,0.0,12
left_hand_curve,0.0,0.0,0.0,9
left_reverse_bend,0.0,0.0,0.0,12
left_turn_prohibited,0.07317073170731707,0.1875,0.10526315789473684,16
length_limit,0.0,0.0,0.0,6
loose_gravel,0.0,0.0,0.0,9
men_at_work,0.06451612903225806,0.2857142857142857,0.10526315789473684,7
narrow_bridge_ahead,0.0,0.0,0.0,12
narrow_road_ahead,0.0,0.0,0.0,16
no_entry,0.0,0.0,0.0,10
no_parking,0.0,0.0,0.0,15
no_stopping_or_standing,0.0,0.0,0.0,15
overtaking_prohibited,0.0,0.0,0.0,9
pass_either_side,0.0,0.0,0.0,14
pedestrian_crossing,0.0,0.0,0.0,10
pedestrian_prohibited,0.0,0.0,0.0,8
petrol_pump_ahead,0.0,0.0,0.0,12
quay_side_or_river_bank,0.0,0.0,0.0,17
restriction_ends,0.0,0.0,0.0,18
right_hand_curve,0.0,0.0,0.0,13
right_reverse_bend,0.0,0.0,0.0,10
right_turn_prohibited,0.0,0.0,0.0,15
roundabout,0.0,0.0,0.0,11
school_ahead,0.0,0.0,0.0,20
side_road_left,0.0,0.0,0.0,10
side_road_right,0.0,0.0,0.0,11
slippery_road,0.0,0.0,0.0,13
speed_limit_100,0.0,0.0,0.0,11
speed_limit_120,0.05555555555555555,0.125,0.07692307692307693,16
speed_limit_20,0.0,0.0,0.0,12
speed_limit_30,0.07692307692307693,0.05,0.06060606060606061,20
speed_limit_40,0.0,0.0,0.0,5
speed_limit_50,0.0,0.0,0.0,9
speed_limit_60,0.0,0.0,0.0,10
speed_limit_70,0.0,0.0,0.0,16
speed_limit_80,0.0,0.0,0.0,10
staggered_intersection,0.0,0.0,0.0,5
steep_ascent,0.0,0.0,0.0,6
steep_descent,0.0,0.0,0.0,6
stop,0.0,0.0,0.0,16
t_intersection,0.058823529411764705,0.16666666666666666,0.08695652173913043,6
traffic_signal,0.0,0.0,0.0,15
truck_prohibited,0.0,0.0,0.0,12
u_turn,0.0,0.0,0.0,14
u_turn_prohibited,0.0,0.0,0.0,15
unguarded_level_crossing,0.007380073800738007,0.25,0.014336917562724014,8
width_limit,0.0,0.0,0.0,13
y_intersection,0.0,0.0,0.0,5
